Order, CPU_t, GPU_in_t, GPU_compute_t, GPU_ot_t
1,,,0.037915,
2,,,0.026271,
4,,,,
8,,,0.020283,
16,,,0.019323,
32,,,0.018857,
64,,,0.026582,
128,,,0.017075,
256,,,,
512,,,,
